<?xml version="1.0" encoding="UTF-8"?>
<modification>
    <code>cedcommerce_onbuy_integration</code>
    <name>CedOnBuy Integration</name>
    <version>2.2</version>
    <author>CedCommerce Private Limited</author>
    <link>http://cedcommerce.com</link>
	<!--********************language for header menu **************************-->
	<file path="admin/language/en-gb/common/menu.php">
		<operation>
			<search>
				<![CDATA[$_['text_paypal_search']               = 'Search';]]>
			</search>
			<add position="after" ><![CDATA[

				$_['text_cedonbuy'] 	                = 'OnBuy';
				$_['text_cedonbuy_module'] 	        = 'Configuration';
				$_['text_cedonbuy_profile']             = 'Profile';
				$_['text_cedonbuy_order'] 	        = 'Order';
				$_['text_cedonbuy_order_error'] 	= 'Failed Order';
				$_['text_cedonbuy_product'] 	        = 'Product';
				$_['text_cedonbuy_category'] 	        = 'Category';
				$_['text_cedonbuy_delivery'] 	        = 'Site Delivery';
   			]]>
			</add>
		</operation>
	</file>
	<file path="admin/controller/common/menu.php">
		<!--********************urls and text for header menu **************************-->
		<operation>
			<search>
				
				<![CDATA[return $this->load->view('common/menu', $data);]]>
			</search>
			<add position="before" ><![CDATA[
				$data['text_cedonbuy'] = $this->language->get('text_cedonbuy');

			        $data['text_cedonbuy_module'] = $this->language->get('text_cedonbuy_module');
				$data['cedonbuy_module'] = $this->url->link('module/ced_onbuy', 'token=' . $this->session->data['token'], 'SSL');

				$data['text_cedonbuy_category'] = $this->language->get('text_cedonbuy_category');
				$data['cedonbuy_category'] = $this->url->link('ced_onbuy/category', 'token=' . $this->session->data['token'], 'SSL');

				$data['text_cedonbuy_profile'] = $this->language->get('text_cedonbuy_profile');
				$data['cedonbuy_profile'] = $this->url->link('ced_onbuy/profile', 'token=' . $this->session->data['token'], 'SSL');

				$data['text_cedonbuy_order'] = $this->language->get('text_cedonbuy_order');
				$data['cedonbuy_order'] = $this->url->link('ced_onbuy/order', 'token=' . $this->session->data['token'], 'SSL');

				$data['text_cedonbuy_order_error'] = $this->language->get('text_cedonbuy_order_error');
				$data['cedonbuy_order_error'] = $this->url->link('ced_onbuy/order_error', 'token=' . $this->session->data['token'], 'SSL');

				$data['text_cedonbuy_product'] = $this->language->get('text_cedonbuy_product');
				$data['cedonbuy_product'] = $this->url->link('ced_onbuy/product', 'token=' . $this->session->data['token'], 'SSL');

				$data['text_cedonbuy_delivery'] = $this->language->get('text_cedonbuy_delivery');
				$data['cedonbuy_delivery'] = $this->url->link('ced_onbuy/logistics', 'token=' . $this->session->data['token'], 'SSL');
				
   			]]>
			</add>
		</operation>
	</file>
	<file path="admin/view/template/common/menu.tpl">
		<!--********************user view for header menu **************************-->
		<operation>
			<search>
				
				<![CDATA[<li id="reports"><a class="parent"><i class="fa fa-bar-chart-o fa-fw"></i> <span><?php echo $text_reports; ?></span></a>]]>
			</search>
			<add position="before" ><![CDATA[

			  <li id="cedonbuy"><a class="parent"><i class="icon-AdminCedonbuy"></i> <span><?php echo $text_cedonbuy; ?></span></a>
			      <ul>
				 <li><a href="<?php echo $cedonbuy_category; ?>"><?php echo $text_cedonbuy_category; ?></a></li>
			    	 <li><a href="<?php echo $cedonbuy_profile; ?>"><?php echo $text_cedonbuy_profile; ?></a></li>
				 <li><a href="<?php echo $cedonbuy_product; ?>"><?php echo $text_cedonbuy_product; ?></a></li>
			    	 <li><a href="<?php echo $cedonbuy_order; ?>"><?php echo $text_cedonbuy_order; ?></a></li>
			    	 <li><a href="<?php echo $cedonbuy_order_error; ?>"><?php echo $text_cedonbuy_order_error; ?></a></li>
				 <li><a href="<?php echo $cedonbuy_delivery; ?>"><?php echo $text_cedonbuy_delivery; ?></a></li>
			    	 <li><a href="<?php echo $cedonbuy_module; ?>"><?php echo $text_cedonbuy_module; ?></a></li>
			      </ul>
			  </li>
			  <style>
                .icon-AdminCedonbuy::before, .icon-AdminCedonbuy::before 
                {
                  content: "CO";
                }
              </style>
   			]]>
			</add>
		</operation>
	</file>
</modification> 
